12352,DEL,DEL,B12352FE,C12352MA,DEL,DEL,DEL,DEL,DEL,I12352SE,DEL,K12352NO
12356,DEL,A12356JA,DEL,DEL,D12356AP,DEL,DEL,DEL,DEL,DEL,DEL,K12356NO
12364,DEL,DEL,DEL,DEL,DEL,DEL,DEL,DEL,H12364AU,I12364SE,J12364OC,DEL
12378,DEL,DEL,DEL,DEL,DEL,DEL,DEL,DEL,H12378AU,DEL,DEL,DEL
12431,L12431DE,A12431JA,B12431FE,DEL,DEL,E12431MY,DEL,G12431JL,H12431AU,DEL,J12431OC,K12431NO
12453,DEL,DEL,DEL,DEL,DEL,DEL,DEL,G12453JL,DEL,DEL,DEL,DEL
12473,DEL,DEL,DEL,DEL,DEL,DEL,F12473JN,DEL,H12473AU,DEL,J12473OC,K12473NO
12491,DEL,DEL,DEL,DEL,DEL,DEL,DEL,DEL,DEL,DEL,DEL,K12491NO
12493,DEL,DEL,DEL,DEL,DEL,E12493MY,F12493JN,DEL,DEL,DEL,DEL,DEL
12520,DEL,DEL,DEL,C12520MA,DEL,E12520MY,DEL,G12520JL,DEL,I12520SE,DEL,DEL
12565,DEL,DEL,B12565FE,DEL,DEL,DEL,DEL,DEL,DEL,DEL,DEL,DEL
12582,DEL,DEL,B12582FE,DEL,D12582AP,DEL,DEL,DEL,DEL,DEL,DEL,DEL
12588,DEL,DEL,DEL,DEL,DEL,DEL,DEL,DEL,DEL,DEL,J12588OC,DEL
12601,DEL,A12601JA,B12601FE,C12601MA,DEL,E12601MY,F12601JN,DEL,DEL,DEL,DEL,DEL
12614,DEL,DEL,DEL,C12614MA,DEL,DEL,DEL,DEL,DEL,DEL,DEL,DEL
12628,DEL,DEL,DEL,DEL,DEL,DEL,DEL,DEL,DEL,DEL,J12628OC,K12628NO
12644,DEL,DEL,DEL,DEL,DEL,DEL,DEL,DEL,H12644AU,DEL,DEL,DEL
12647,L12647DE,DEL,DEL,C12647MA,D12647AP,E12647MY,DEL,G12647JL,H12647AU,I12647SE,DEL,K12647NO
12651,DEL,A12651JA,DEL,DEL,DEL,DEL,DEL,DEL,DEL,DEL,DEL,DEL
12664,DEL,A12664JA,DEL,DEL,D12664AP,DEL,DEL,G12664JL,DEL,I12664SE,J12664OC,K12664NO
12668,L12668DE,A12668JA,DEL,C12668MA,DEL,DEL,DEL,DEL,DEL,DEL,DEL,K12668NO
12672,DEL,A12672JA,DEL,DEL,DEL,DEL,DEL,DEL,DEL,DEL,DEL,DEL
12679,DEL,DEL,DEL,C12679MA,DEL,E12679MY,DEL,DEL,DEL,I12679SE,J12679OC,DEL
12708,L12708DE,A12708JA,DEL,C12708MA,D12708AP,E12708MY,F12708JN,DEL,H12708AU,I12708SE,DEL,K12708NO
12752,DEL,DEL,DEL,DEL,DEL,DEL,DEL,DEL,DEL,I12752SE,DEL,DEL
12755,L12755DE,DEL,DEL,C12755MA,DEL,DEL,DEL,DEL,DEL,DEL,DEL,DEL
12759,DEL,DEL,DEL,C12759MA,DEL,DEL,F12759JN,DEL,DEL,DEL,J12759OC,DEL
12781,DEL,DEL,B12781FE,DEL,DEL,DEL,DEL,DEL,DEL,DEL,J12781OC,DEL
12797,L12797DE,DEL,DEL,DEL,DEL,DEL,DEL,DEL,DEL,DEL,DEL,DEL
12818,DEL,DEL,DEL,C12818MA,DEL,DEL,DEL,DEL,DEL,DEL,DEL,DEL
12828,DEL,DEL,DEL,DEL,DEL,DEL,DEL,DEL,H12828AU,I12828SE,J12828OC,DEL
12829,L12829DE,A12829JA,DEL,DEL,DEL,DEL,DEL,DEL,DEL,DEL,DEL,DEL
12856,DEL,DEL,DEL,DEL,DEL,DEL,DEL,DEL,DEL,DEL,J12856OC,K12856NO
12867,L12867DE,DEL,B12867FE,C12867MA,DEL,E12867MY,F12867JN,DEL,DEL,I12867SE,DEL,K12867NO
12878,DEL,DEL,DEL,C12878MA,D12878AP,DEL,DEL,DEL,DEL,DEL,DEL,DEL
12884,DEL,DEL,DEL,DEL,DEL,DEL,DEL,DEL,DEL,I12884SE,DEL,DEL
12919,DEL,DEL,DEL,DEL,DEL,DEL,F12919JN,G12919JL,H12919AU,DEL,DEL,K12919NO
12962,DEL,DEL,DEL,DEL,DEL,DEL,DEL,DEL,H12962AU,DEL,DEL,DEL
12967,L12967DE,DEL,DEL,DEL,DEL,DEL,DEL,DEL,DEL,DEL,DEL,DEL
12968,DEL,DEL,DEL,DEL,DEL,DEL,DEL,DEL,H12968AU,DEL,DEL,DEL
12974,DEL,DEL,DEL,DEL,DEL,E12974MY,DEL,DEL,DEL,DEL,DEL,DEL
13005,DEL,DEL,DEL,DEL,D13005AP,DEL,F13005JN,DEL,DEL,DEL,DEL,DEL
13013,L13013DE,DEL,DEL,DEL,D13013AP,E13013MY,DEL,G13013JL,H13013AU,I13013SE,J13013OC,K13013NO
13027,L13027DE,DEL,DEL,C13027MA,D13027AP,DEL,DEL,G13027JL,H13027AU,DEL,DEL,DEL
13029,L13029DE,DEL,DEL,DEL,DEL,DEL,DEL,G13029JL,DEL,DEL,DEL,K13029NO
13066,DEL,DEL,DEL,DEL,DEL,DEL,DEL,DEL,DEL,DEL,DEL,K13066NO
13070,DEL,DEL,DEL,DEL,DEL,E13070MY,DEL,DEL,DEL,DEL,DEL,DEL
13085,DEL,DEL,B13085FE,DEL,DEL,DEL,DEL,G13085JL,DEL,DEL,DEL,DEL
13116,DEL,DEL,DEL,DEL,DEL,DEL,DEL,G13116JL,DEL,DEL,DEL,DEL
13132,DEL,DEL,DEL,C13132MA,DEL,DEL,DEL,DEL,DEL,DEL,DEL,DEL
13136,DEL,DEL,DEL,DEL,DEL,E13136MY,DEL,G13136JL,DEL,I13136SE,J13136OC,DEL
13137,DEL,DEL,B13137FE,DEL,D13137AP,DEL,DEL,G13137JL,H13137AU,I13137SE,J13137OC,K13137NO
13145,L13145DE,DEL,DEL,DEL,DEL,DEL,DEL,DEL,H13145AU,I13145SE,J13145OC,DEL
13162,DEL,A13162JA,DEL,DEL,D13162AP,DEL,F13162JN,DEL,H13162AU,DEL,DEL,DEL
13168,DEL,A13168JA,B13168FE,DEL,DEL,E13168MY,DEL,DEL,DEL,DEL,DEL,K13168NO
13178,L13178DE,DEL,B13178FE,DEL,D13178AP,E13178MY,F13178JN,G13178JL,DEL,I13178SE,DEL,K13178NO
13200,DEL,DEL,DEL,DEL,DEL,DEL,DEL,DEL,H13200AU,I13200SE,DEL,K13200NO
13211,L13211DE,DEL,DEL,DEL,DEL,DEL,DEL,DEL,DEL,I13211SE,DEL,K13211NO
13216,DEL,DEL,DEL,C13216MA,DEL,DEL,DEL,DEL,DEL,DEL,DEL,DEL
13220,DEL,DEL,DEL,DEL,D13220AP,E13220MY,F13220JN,DEL,DEL,I13220SE,DEL,DEL
13236,DEL,DEL,DEL,DEL,DEL,DEL,DEL,DEL,H13236AU,DEL,DEL,K13236NO
13271,DEL,DEL,DEL,DEL,DEL,DEL,DEL,DEL,DEL,DEL,DEL,K13271NO
13272,DEL,DEL,DEL,DEL,DEL,DEL,DEL,DEL,DEL,I13272SE,DEL,K13272NO
13292,DEL,DEL,B13292FE,DEL,DEL,DEL,DEL,DEL,DEL,DEL,DEL,K13292NO
13297,DEL,DEL,DEL,DEL,DEL,DEL,DEL,DEL,DEL,DEL,J13297OC,K13297NO
13307,DEL,DEL,DEL,DEL,DEL,DEL,DEL,DEL,H13307AU,DEL,DEL,DEL
13316,DEL,DEL,DEL,C13316MA,DEL,DEL,DEL,G13316JL,DEL,I13316SE,DEL,K13316NO
13347,DEL,DEL,DEL,DEL,DEL,DEL,DEL,DEL,DEL,I13347SE,DEL,DEL
13351,DEL,DEL,DEL,DEL,DEL,DEL,DEL,DEL,DEL,DEL,J13351OC,DEL
13352,DEL,DEL,DEL,DEL,DEL,DEL,DEL,DEL,DEL,DEL,J13352OC,DEL
13354,DEL,DEL,DEL,DEL,DEL,DEL,DEL,DEL,DEL,I13354SE,DEL,DEL
13362,DEL,DEL,B13362FE,DEL,D13362AP,DEL,DEL,DEL,DEL,DEL,J13362OC,K13362NO
13368,DEL,A13368JA,DEL,C13368MA,DEL,DEL,DEL,DEL,DEL,DEL,DEL,DEL
13376,DEL,DEL,DEL,DEL,D13376AP,E13376MY,DEL,DEL,DEL,I13376SE,DEL,DEL
13395,DEL,DEL,DEL,DEL,DEL,DEL,F13395JN,DEL,DEL,DEL,DEL,DEL
13441,DEL,DEL,DEL,DEL,DEL,DEL,DEL,DEL,DEL,I13441SE,DEL,DEL
13449,DEL,DEL,DEL,DEL,DEL,DEL,DEL,DEL,DEL,DEL,DEL,K13449NO
13466,DEL,DEL,DEL,DEL,DEL,DEL,F13466JN,DEL,DEL,DEL,DEL,DEL
13483,DEL,DEL,DEL,DEL,DEL,DEL,DEL,DEL,DEL,DEL,J13483OC,DEL
13499,DEL,DEL,DEL,C13499MA,D13499AP,DEL,DEL,DEL,DEL,I13499SE,DEL,K13499NO
13500,DEL,DEL,DEL,DEL,DEL,DEL,DEL,DEL,H13500AU,DEL,DEL,K13500NO
13503,DEL,DEL,DEL,DEL,DEL,DEL,DEL,DEL,DEL,I13503SE,DEL,DEL
13505,DEL,DEL,DEL,DEL,D13505AP,E13505MY,F13505JN,DEL,DEL,I13505SE,DEL,DEL
13515,DEL,DEL,DEL,DEL,D13515AP,DEL,DEL,G13515JL,H13515AU,I13515SE,DEL,DEL
13524,DEL,DEL,DEL,DEL,DEL,E13524MY,F13524JN,DEL,H13524AU,I13524SE,J13524OC,DEL
13525,DEL,DEL,DEL,DEL,D13525AP,DEL,DEL,DEL,DEL,DEL,DEL,K13525NO
13566,DEL,DEL,DEL,DEL,DEL,DEL,DEL,DEL,DEL,I13566SE,J13566OC,DEL
13568,DEL,DEL,DEL,DEL,DEL,DEL,F13568JN,DEL,DEL,DEL,DEL,DEL
13569,L13569DE,DEL,DEL,DEL,DEL,DEL,DEL,DEL,DEL,DEL,DEL,K13569NO
13591,DEL,DEL,DEL,C13591MA,DEL,E13591MY,DEL,DEL,DEL,DEL,J13591OC,DEL
13599,L13599DE,A13599JA,DEL,C13599MA,D13599AP,E13599MY,DEL,G13599JL,DEL,I13599SE,DEL,K13599NO
13601,DEL,DEL,DEL,DEL,DEL,E13601MY,DEL,DEL,DEL,DEL,J13601OC,DEL
13618,DEL,DEL,DEL,DEL,DEL,DEL,F13618JN,DEL,DEL,DEL,DEL,DEL
13626,DEL,DEL,DEL,DEL,D13626AP,DEL,DEL,DEL,DEL,DEL,DEL,DEL
13630,DEL,DEL,B13630FE,DEL,D13630AP,DEL,F13630JN,DEL,H13630AU,I13630SE,DEL,DEL
13672,DEL,A13672JA,B13672FE,DEL,DEL,DEL,DEL,DEL,DEL,DEL,DEL,DEL
13689,DEL,DEL,DEL,DEL,DEL,DEL,DEL,DEL,DEL,DEL,J13689OC,DEL
13705,L13705DE,DEL,DEL,DEL,DEL,DEL,DEL,G13705JL,DEL,DEL,DEL,DEL
13718,DEL,DEL,B13718FE,DEL,D13718AP,DEL,DEL,DEL,DEL,DEL,DEL,DEL
13732,DEL,DEL,DEL,DEL,DEL,DEL,DEL,DEL,DEL,DEL,DEL,K13732NO
13740,DEL,DEL,DEL,DEL,D13740AP,DEL,DEL,DEL,DEL,DEL,DEL,DEL
13752,DEL,DEL,DEL,DEL,D13752AP,E13752MY,F13752JN,G13752JL,H13752AU,DEL,DEL,DEL
13754,DEL,A13754JA,DEL,DEL,DEL,DEL,DEL,G13754JL,DEL,DEL,DEL,DEL
13769,L13769DE,A13769JA,DEL,C13769MA,D13769AP,E13769MY,DEL,DEL,H13769AU,I13769SE,DEL,K13769NO
13778,DEL,DEL,DEL,DEL,DEL,DEL,DEL,DEL,H13778AU,DEL,DEL,DEL
13781,DEL,DEL,DEL,DEL,D13781AP,DEL,DEL,DEL,DEL,DEL,DEL,DEL
13782,DEL,A13782JA,DEL,DEL,D13782AP,DEL,DEL,DEL,H13782AU,DEL,J13782OC,K13782NO
13791,DEL,DEL,DEL,DEL,DEL,DEL,F13791JN,DEL,H13791AU,DEL,DEL,DEL
13812,DEL,DEL,DEL,DEL,DEL,DEL,DEL,DEL,H13812AU,DEL,J13812OC,DEL
13819,DEL,A13819JA,B13819FE,DEL,DEL,DEL,DEL,DEL,DEL,DEL,DEL,DEL
13822,DEL,DEL,DEL,DEL,DEL,DEL,DEL,DEL,DEL,DEL,J13822OC,DEL
13828,DEL,DEL,DEL,DEL,DEL,DEL,DEL,DEL,DEL,DEL,DEL,K13828NO
13835,DEL,DEL,DEL,DEL,DEL,E13835MY,DEL,G13835JL,DEL,DEL,J13835OC,K13835NO
13842,L13842DE,A13842JA,B13842FE,C13842MA,D13842AP,E13842MY,DEL,G13842JL,DEL,I13842SE,J13842OC,DEL
13863,DEL,DEL,DEL,DEL,D13863AP,DEL,DEL,DEL,DEL,DEL,DEL,DEL
13871,DEL,DEL,B13871FE,C13871MA,D13871AP,E13871MY,F13871JN,G13871JL,H13871AU,I13871SE,J13871OC,K13871NO
13876,DEL,DEL,DEL,DEL,DEL,DEL,DEL,DEL,DEL,DEL,J13876OC,DEL
13922,L13922DE,DEL,DEL,DEL,DEL,DEL,DEL,DEL,DEL,DEL,DEL,DEL
13941,L13941DE,DEL,B13941FE,DEL,DEL,DEL,F13941JN,DEL,DEL,I13941SE,DEL,K13941NO
13947,DEL,DEL,DEL,DEL,DEL,DEL,DEL,DEL,DEL,DEL,J13947OC,DEL
13949,DEL,DEL,DEL,DEL,DEL,DEL,DEL,DEL,DEL,I13949SE,J13949OC,K13949NO
13954,DEL,DEL,DEL,DEL,DEL,DEL,DEL,DEL,DEL,I13954SE,DEL,DEL
13967,DEL,DEL,DEL,DEL,DEL,DEL,DEL,G13967JL,DEL,DEL,DEL,DEL
13975,DEL,DEL,DEL,C13975MA,DEL,E13975MY,DEL,G13975JL,H13975AU,DEL,DEL,K13975NO
14019,DEL,DEL,DEL,DEL,DEL,DEL,DEL,G14019JL,DEL,I14019SE,J14019OC,DEL
14020,DEL,DEL,DEL,DEL,DEL,DEL,DEL,DEL,DEL,I14020SE,DEL,K14020NO
14041,DEL,DEL,DEL,C14041MA,DEL,DEL,DEL,DEL,DEL,DEL,DEL,DEL
14049,DEL,A14049JA,DEL,DEL,DEL,E14049MY,DEL,G14049JL,DEL,DEL,DEL,K14049NO
14057,L14057DE,DEL,B14057FE,C14057MA,D14057AP,E14057MY,F14057JN,G14057JL,H14057AU,I14057SE,J14057OC,K14057NO
14088,DEL,A14088JA,DEL,DEL,DEL,DEL,F14088JN,G14088JL,H14088AU,DEL,J14088OC,K14088NO
14099,L14099DE,A14099JA,B14099FE,C14099MA,DEL,E14099MY,F14099JN,G14099JL,H14099AU,DEL,J14099OC,K14099NO
14101,DEL,A14101JA,B14101FE,C14101MA,DEL,E14101MY,DEL,G14101JL,DEL,I14101SE,DEL,DEL
14104,DEL,DEL,DEL,DEL,DEL,DEL,F14104JN,G14104JL,DEL,DEL,DEL,DEL
14129,DEL,DEL,DEL,C14129MA,DEL,DEL,DEL,DEL,DEL,I14129SE,DEL,K14129NO
14140,DEL,DEL,DEL,DEL,DEL,DEL,DEL,DEL,DEL,DEL,DEL,K14140NO
14148,DEL,DEL,DEL,DEL,D14148AP,DEL,DEL,DEL,DEL,DEL,DEL,DEL
14154,DEL,DEL,DEL,DEL,D14154AP,DEL,DEL,DEL,DEL,DEL,DEL,DEL
14159,L14159DE,DEL,DEL,C14159MA,DEL,DEL,F14159JN,G14159JL,DEL,I14159SE,J14159OC,K14159NO
14174,DEL,DEL,DEL,DEL,DEL,DEL,DEL,DEL,DEL,DEL,DEL,K14174NO
14177,DEL,DEL,DEL,DEL,DEL,DEL,F14177JN,DEL,DEL,I14177SE,DEL,DEL
14178,DEL,DEL,DEL,DEL,DEL,DEL,F14178JN,G14178JL,DEL,I14178SE,J14178OC,K14178NO
14198,DEL,DEL,DEL,DEL,D14198AP,DEL,DEL,G14198JL,DEL,I14198SE,DEL,K14198NO
14209,DEL,A14209JA,DEL,C14209MA,DEL,E14209MY,DEL,G14209JL,H14209AU,DEL,DEL,K14209NO
14215,L14215DE,A14215JA,DEL,DEL,DEL,DEL,F14215JN,DEL,DEL,I14215SE,DEL,K14215NO
14226,DEL,DEL,DEL,C14226MA,DEL,E14226MY,DEL,DEL,DEL,I14226SE,DEL,K14226NO
14229,DEL,A14229JA,B14229FE,DEL,DEL,DEL,DEL,DEL,DEL,DEL,J14229OC,DEL
14232,DEL,DEL,DEL,C14232MA,DEL,DEL,F14232JN,G14232JL,H14232AU,DEL,J14232OC,DEL
14241,DEL,DEL,DEL,DEL,DEL,DEL,F14241JN,DEL,DEL,DEL,DEL,DEL
14251,DEL,DEL,DEL,DEL,DEL,DEL,DEL,DEL,DEL,DEL,J14251OC,K14251NO
14288,DEL,DEL,DEL,DEL,DEL,E14288MY,DEL,DEL,DEL,DEL,DEL,DEL
14307,L14307DE,A14307JA,DEL,DEL,DEL,E14307MY,DEL,G14307JL,DEL,I14307SE,DEL,DEL
14317,DEL,DEL,DEL,DEL,DEL,DEL,DEL,DEL,DEL,DEL,J14317OC,DEL
14323,DEL,DEL,DEL,DEL,D14323AP,DEL,DEL,DEL,H14323AU,DEL,DEL,DEL
14326,DEL,DEL,DEL,DEL,D14326AP,DEL,DEL,DEL,DEL,DEL,DEL,DEL
14346,DEL,DEL,B14346FE,DEL,DEL,DEL,DEL,DEL,H14346AU,DEL,DEL,DEL
14360,DEL,DEL,DEL,DEL,DEL,DEL,DEL,DEL,DEL,I14360SE,J14360OC,K14360NO
14403,DEL,DEL,DEL,DEL,D14403AP,E14403MY,DEL,G14403JL,H14403AU,DEL,DEL,DEL
14419,L14419DE,DEL,DEL,DEL,D14419AP,DEL,DEL,DEL,DEL,I14419SE,J14419OC,K14419NO
14437,L14437DE,DEL,DEL,DEL,DEL,DEL,DEL,DEL,DEL,DEL,DEL,DEL
14473,DEL,DEL,DEL,C14473MA,DEL,DEL,DEL,DEL,DEL,I14473SE,DEL,DEL
14474,DEL,DEL,DEL,DEL,DEL,DEL,DEL,DEL,DEL,DEL,J14474OC,DEL
14493,DEL,DEL,DEL,DEL,DEL,DEL,DEL,G14493JL,DEL,DEL,J14493OC,K14493NO
14496,L14496DE,DEL,B14496FE,DEL,DEL,DEL,DEL,DEL,DEL,DEL,DEL,DEL
14500,DEL,DEL,DEL,DEL,DEL,DEL,F14500JN,DEL,H14500AU,I14500SE,DEL,DEL
14502,DEL,A14502JA,B14502FE,C14502MA,D14502AP,DEL,DEL,G14502JL,DEL,DEL,J14502OC,K14502NO
14517,DEL,DEL,DEL,DEL,DEL,DEL,DEL,G14517JL,DEL,DEL,DEL,K14517NO
14518,DEL,DEL,DEL,DEL,DEL,DEL,DEL,DEL,DEL,DEL,J14518OC,DEL
14522,DEL,DEL,DEL,DEL,DEL,E14522MY,DEL,DEL,DEL,I14522SE,DEL,K14522NO
14537,DEL,DEL,DEL,DEL,DEL,DEL,DEL,DEL,DEL,DEL,J14537OC,DEL
14544,L14544DE,DEL,DEL,DEL,DEL,DEL,DEL,DEL,DEL,DEL,DEL,K14544NO
14546,DEL,DEL,DEL,DEL,D14546AP,E14546MY,DEL,DEL,DEL,I14546SE,J14546OC,DEL
14557,DEL,DEL,DEL,DEL,DEL,DEL,DEL,DEL,DEL,I14557SE,DEL,DEL
14567,DEL,DEL,DEL,DEL,DEL,DEL,DEL,DEL,H14567AU,DEL,J14567OC,DEL
14582,DEL,DEL,DEL,DEL,DEL,DEL,DEL,DEL,DEL,DEL,J14582OC,DEL
14586,DEL,DEL,DEL,C14586MA,DEL,DEL,DEL,DEL,DEL,DEL,DEL,DEL
14589,L14589DE,DEL,DEL,DEL,DEL,DEL,DEL,DEL,DEL,DEL,DEL,DEL
14618,DEL,A14618JA,DEL,DEL,DEL,DEL,DEL,DEL,DEL,DEL,DEL,K14618NO
14620,DEL,DEL,DEL,C14620MA,DEL,E14620MY,DEL,DEL,DEL,DEL,DEL,DEL
14622,DEL,DEL,DEL,DEL,DEL,DEL,F14622JN,DEL,DEL,DEL,DEL,DEL
14638,DEL,DEL,DEL,DEL,DEL,DEL,DEL,DEL,DEL,DEL,J14638OC,DEL
14660,DEL,DEL,DEL,DEL,DEL,DEL,DEL,DEL,H14660AU,I14660SE,DEL,DEL
14661,DEL,DEL,DEL,DEL,DEL,DEL,DEL,DEL,DEL,DEL,DEL,K14661NO
14667,L14667DE,A14667JA,B14667FE,C14667MA,D14667AP,E14667MY,F14667JN,G14667JL,H14667AU,I14667SE,DEL,K14667NO
14672,DEL,A14672JA,DEL,DEL,D14672AP,DEL,DEL,DEL,DEL,DEL,DEL,DEL
14697,DEL,DEL,DEL,DEL,DEL,E14697MY,DEL,DEL,DEL,DEL,DEL,DEL
14712,DEL,DEL,DEL,DEL,DEL,DEL,DEL,DEL,H14712AU,I14712SE,DEL,K14712NO
14714,DEL,DEL,DEL,DEL,DEL,DEL,DEL,DEL,DEL,DEL,DEL,K14714NO
14730,DEL,DEL,DEL,C14730MA,D14730AP,DEL,F14730JN,DEL,H14730AU,DEL,J14730OC,DEL
14732,DEL,A14732JA,DEL,C14732MA,DEL,E14732MY,F14732JN,G14732JL,DEL,I14732SE,DEL,K14732NO
14744,L14744DE,A14744JA,B14744FE,DEL,DEL,DEL,DEL,DEL,DEL,DEL,J14744OC,K14744NO
14759,DEL,DEL,DEL,DEL,D14759AP,DEL,DEL,DEL,H14759AU,DEL,DEL,DEL
14768,DEL,DEL,DEL,DEL,DEL,DEL,DEL,DEL,H14768AU,DEL,DEL,K14768NO
14775,L14775DE,DEL,DEL,DEL,DEL,DEL,DEL,G14775JL,DEL,DEL,J14775OC,DEL
14798,DEL,DEL,B14798FE,DEL,DEL,DEL,DEL,G14798JL,DEL,DEL,J14798OC,DEL
14806,DEL,DEL,DEL,DEL,DEL,DEL,DEL,DEL,DEL,I14806SE,DEL,DEL
14813,L14813DE,DEL,DEL,DEL,DEL,DEL,DEL,DEL,DEL,DEL,DEL,DEL
14823,DEL,DEL,DEL,DEL,DEL,E14823MY,F14823JN,DEL,DEL,DEL,DEL,DEL
14863,DEL,DEL,DEL,DEL,DEL,DEL,DEL,DEL,DEL,DEL,DEL,K14863NO
14865,L14865DE,DEL,DEL,DEL,DEL,DEL,DEL,DEL,DEL,DEL,DEL,DEL
14873,DEL,DEL,DEL,DEL,DEL,E14873MY,DEL,DEL,DEL,DEL,DEL,DEL
14904,DEL,DEL,DEL,DEL,DEL,DEL,DEL,DEL,DEL,DEL,DEL,K14904NO
14911,L14911DE,A14911JA,B14911FE,C14911MA,D14911AP,E14911MY,F14911JN,G14911JL,H14911AU,I14911SE,J14911OC,K14911NO
14916,DEL,A14916JA,DEL,DEL,DEL,DEL,DEL,G14916JL,DEL,I14916SE,DEL,DEL
14920,DEL,DEL,DEL,DEL,DEL,E14920MY,DEL,DEL,DEL,DEL,DEL,DEL
14950,DEL,DEL,DEL,DEL,DEL,DEL,DEL,DEL,DEL,DEL,DEL,K14950NO
14954,DEL,DEL,DEL,DEL,DEL,DEL,DEL,DEL,DEL,DEL,DEL,K14954NO
14957,DEL,DEL,DEL,C14957MA,DEL,DEL,DEL,DEL,DEL,DEL,DEL,DEL
14973,DEL,DEL,DEL,DEL,D14973AP,DEL,DEL,G14973JL,H14973AU,DEL,DEL,DEL
14974,DEL,DEL,DEL,DEL,DEL,DEL,DEL,DEL,DEL,DEL,DEL,K14974NO
14976,DEL,A14976JA,DEL,C14976MA,DEL,E14976MY,DEL,DEL,H14976AU,DEL,J14976OC,DEL
14985,L14985DE,DEL,DEL,DEL,DEL,E14985MY,DEL,DEL,DEL,DEL,DEL,DEL
14987,L14987DE,DEL,DEL,DEL,DEL,DEL,DEL,DEL,DEL,DEL,DEL,K14987NO
14995,DEL,DEL,DEL,C14995MA,DEL,DEL,DEL,DEL,DEL,DEL,DEL,K14995NO
14998,DEL,DEL,DEL,DEL,D14998AP,DEL,F14998JN,DEL,DEL,DEL,DEL,DEL
15006,DEL,DEL,DEL,DEL,DEL,DEL,DEL,DEL,DEL,DEL,J15006OC,DEL
15032,L15032DE,DEL,DEL,C15032MA,DEL,DEL,DEL,DEL,DEL,DEL,DEL,DEL
15038,L15038DE,DEL,DEL,DEL,D15038AP,E15038MY,F15038JN,DEL,DEL,DEL,J15038OC,DEL
15039,L15039DE,A15039JA,B15039FE,C15039MA,D15039AP,E15039MY,F15039JN,G15039JL,H15039AU,I15039SE,J15039OC,K15039NO
15041,DEL,DEL,DEL,DEL,DEL,DEL,F15041JN,DEL,DEL,DEL,DEL,DEL
15052,DEL,A15052JA,DEL,DEL,DEL,DEL,DEL,DEL,DEL,DEL,DEL,DEL
15057,DEL,A15057JA,DEL,C15057MA,DEL,DEL,DEL,DEL,DEL,DEL,DEL,DEL
15061,L15061DE,A15061JA,B15061FE,C15061MA,D15061AP,E15061MY,F15061JN,G15061JL,H15061AU,I15061SE,J15061OC,K15061NO
15065,DEL,DEL,B15065FE,DEL,D15065AP,DEL,F15065JN,DEL,DEL,DEL,DEL,K15065NO
15068,DEL,DEL,DEL,C15068MA,DEL,DEL,DEL,DEL,DEL,DEL,J15068OC,DEL
15092,DEL,DEL,DEL,C15092MA,DEL,E15092MY,DEL,DEL,DEL,DEL,DEL,DEL
15095,DEL,DEL,DEL,DEL,DEL,E15095MY,DEL,G15095JL,H15095AU,DEL,DEL,DEL
15096,DEL,DEL,DEL,DEL,DEL,DEL,DEL,DEL,DEL,DEL,J15096OC,DEL
15100,L15100DE,A15100JA,DEL,DEL,DEL,DEL,DEL,DEL,DEL,DEL,DEL,DEL
15117,DEL,DEL,DEL,DEL,DEL,E15117MY,DEL,DEL,H15117AU,DEL,J15117OC,K15117NO
15124,DEL,DEL,DEL,DEL,DEL,DEL,F15124JN,DEL,DEL,DEL,DEL,K15124NO
15146,DEL,DEL,B15146FE,DEL,DEL,DEL,F15146JN,DEL,DEL,DEL,DEL,DEL
15149,DEL,DEL,DEL,DEL,DEL,DEL,DEL,G15149JL,DEL,DEL,DEL,DEL
15150,DEL,DEL,DEL,C15150MA,DEL,DEL,F15150JN,G15150JL,H15150AU,I15150SE,DEL,K15150NO
15156,DEL,DEL,DEL,DEL,DEL,DEL,DEL,DEL,DEL,DEL,DEL,K15156NO
15160,L15160DE,DEL,DEL,DEL,DEL,DEL,DEL,DEL,DEL,DEL,DEL,DEL
15180,L15180DE,DEL,DEL,DEL,DEL,DEL,DEL,DEL,DEL,DEL,DEL,DEL
15184,DEL,DEL,DEL,DEL,DEL,DEL,F15184JN,DEL,DEL,DEL,DEL,K15184NO
15192,L15192DE,DEL,DEL,DEL,DEL,DEL,F15192JN,DEL,H15192AU,DEL,DEL,DEL
15194,L15194DE,A15194JA,DEL,C15194MA,D15194AP,E15194MY,F15194JN,DEL,H15194AU,I15194SE,DEL,K15194NO
15199,DEL,DEL,B15199FE,DEL,D15199AP,DEL,DEL,DEL,DEL,I15199SE,J15199OC,DEL
15211,L15211DE,DEL,DEL,DEL,DEL,DEL,DEL,DEL,DEL,DEL,J15211OC,DEL
15213,DEL,A15213JA,DEL,DEL,DEL,DEL,DEL,DEL,DEL,DEL,DEL,DEL
15223,DEL,DEL,DEL,DEL,D15223AP,DEL,DEL,DEL,DEL,DEL,DEL,DEL
15246,L15246DE,DEL,DEL,DEL,D15246AP,DEL,DEL,DEL,DEL,DEL,DEL,DEL
15256,DEL,DEL,DEL,DEL,DEL,DEL,DEL,G15256JL,DEL,DEL,DEL,DEL
15257,DEL,DEL,DEL,C15257MA,DEL,DEL,DEL,DEL,DEL,DEL,DEL,DEL
15270,DEL,DEL,B15270FE,DEL,D15270AP,DEL,DEL,DEL,H15270AU,DEL,DEL,K15270NO
15275,DEL,DEL,DEL,DEL,DEL,DEL,DEL,DEL,DEL,DEL,DEL,K15275NO
15279,L15279DE,DEL,DEL,DEL,DEL,DEL,DEL,DEL,DEL,DEL,DEL,DEL
15288,L15288DE,DEL,DEL,C15288MA,DEL,E15288MY,DEL,G15288JL,DEL,DEL,J15288OC,DEL
15321,DEL,DEL,B15321FE,DEL,DEL,DEL,DEL,DEL,DEL,I15321SE,DEL,DEL
15325,DEL,DEL,DEL,DEL,DEL,DEL,DEL,DEL,H15325AU,DEL,DEL,DEL
15332,L15332DE,DEL,DEL,DEL,DEL,DEL,DEL,DEL,DEL,DEL,DEL,DEL
15349,DEL,DEL,DEL,DEL,DEL,DEL,F15349JN,G15349JL,DEL,DEL,DEL,DEL
15356,L15356DE,DEL,B15356FE,DEL,D15356AP,E15356MY,F15356JN,G15356JL,H15356AU,I15356SE,DEL,K15356NO
15360,DEL,DEL,DEL,DEL,DEL,DEL,DEL,DEL,DEL,DEL,J15360OC,DEL
15363,L15363DE,DEL,DEL,DEL,DEL,DEL,DEL,DEL,DEL,DEL,DEL,DEL
15382,DEL,DEL,B15382FE,DEL,DEL,E15382MY,F15382JN,DEL,DEL,I15382SE,DEL,K15382NO
15386,DEL,DEL,DEL,DEL,DEL,DEL,F15386JN,DEL,DEL,DEL,DEL,DEL
15398,DEL,DEL,DEL,DEL,DEL,DEL,DEL,DEL,DEL,I15398SE,DEL,K15398NO
15414,DEL,DEL,DEL,DEL,D15414AP,DEL,DEL,DEL,DEL,DEL,DEL,K15414NO
15426,L15426DE,DEL,DEL,C15426MA,DEL,DEL,DEL,DEL,DEL,DEL,DEL,K15426NO
15443,DEL,A15443JA,DEL,DEL,DEL,DEL,DEL,DEL,H15443AU,I15443SE,J15443OC,K15443NO
15454,L15454DE,DEL,DEL,DEL,DEL,DEL,DEL,DEL,DEL,DEL,DEL,DEL
15473,DEL,DEL,DEL,DEL,DEL,DEL,DEL,DEL,DEL,DEL,J15473OC,K15473NO
15478,DEL,DEL,DEL,DEL,DEL,DEL,DEL,DEL,DEL,DEL,J15478OC,DEL
15483,DEL,DEL,DEL,C15483MA,DEL,DEL,DEL,G15483JL,DEL,DEL,DEL,DEL
15484,DEL,DEL,DEL,DEL,DEL,DEL,DEL,DEL,DEL,I15484SE,J15484OC,K15484NO
15491,DEL,DEL,DEL,DEL,D15491AP,E15491MY,F15491JN,DEL,H15491AU,I15491SE,DEL,DEL
15497,DEL,A15497JA,DEL,DEL,DEL,DEL,DEL,DEL,DEL,DEL,DEL,K15497NO
15500,DEL,DEL,DEL,DEL,DEL,DEL,DEL,DEL,DEL,I15500SE,DEL,K15500NO
15529,L15529DE,A15529JA,DEL,C15529MA,D15529AP,E15529MY,DEL,G15529JL,DEL,I15529SE,J15529OC,K15529NO
15540,DEL,DEL,DEL,DEL,DEL,DEL,DEL,DEL,DEL,DEL,DEL,K15540NO
15554,DEL,DEL,DEL,C15554MA,DEL,DEL,DEL,DEL,DEL,DEL,DEL,DEL
15557,DEL,DEL,DEL,DEL,DEL,DEL,DEL,DEL,DEL,DEL,DEL,K15557NO
15569,DEL,A15569JA,DEL,DEL,DEL,DEL,DEL,G15569JL,H15569AU,DEL,DEL,DEL
15602,L15602DE,A15602JA,DEL,DEL,DEL,E15602MY,DEL,DEL,DEL,I15602SE,DEL,K15602NO
15607,DEL,A15607JA,DEL,DEL,DEL,DEL,DEL,DEL,DEL,DEL,DEL,DEL
15624,DEL,DEL,DEL,C15624MA,DEL,E15624MY,DEL,G15624JL,H15624AU,DEL,DEL,DEL
15630,DEL,DEL,DEL,DEL,DEL,E15630MY,DEL,DEL,DEL,DEL,J15630OC,DEL
15645,DEL,DEL,DEL,DEL,DEL,DEL,DEL,DEL,DEL,DEL,DEL,K15645NO
15649,L15649DE,A15649JA,DEL,DEL,DEL,DEL,DEL,DEL,DEL,DEL,DEL,DEL
15653,DEL,DEL,DEL,DEL,DEL,DEL,DEL,DEL,H15653AU,I15653SE,DEL,DEL
15657,DEL,DEL,DEL,DEL,DEL,DEL,DEL,DEL,DEL,DEL,DEL,K15657NO
15677,DEL,DEL,DEL,DEL,DEL,DEL,DEL,DEL,DEL,DEL,J15677OC,DEL
15694,L15694DE,A15694JA,DEL,C15694MA,D15694AP,E15694MY,F15694JN,DEL,DEL,DEL,J15694OC,K15694NO
15706,DEL,DEL,DEL,DEL,DEL,DEL,DEL,DEL,H15706AU,I15706SE,J15706OC,DEL
15721,DEL,DEL,DEL,DEL,DEL,DEL,DEL,DEL,DEL,DEL,DEL,K15721NO
15732,L15732DE,DEL,DEL,DEL,DEL,E15732MY,DEL,DEL,DEL,DEL,DEL,DEL
15745,DEL,DEL,DEL,DEL,D15745AP,DEL,DEL,DEL,DEL,I15745SE,DEL,K15745NO
15750,L15750DE,DEL,DEL,C15750MA,DEL,DEL,F15750JN,DEL,DEL,I15750SE,DEL,K15750NO
15755,DEL,DEL,B15755FE,DEL,D15755AP,DEL,DEL,DEL,H15755AU,I15755SE,DEL,K15755NO
15758,DEL,DEL,DEL,DEL,DEL,DEL,DEL,DEL,DEL,DEL,DEL,K15758NO
15766,DEL,DEL,DEL,DEL,DEL,DEL,DEL,DEL,DEL,DEL,J15766OC,DEL
15774,DEL,DEL,DEL,DEL,DEL,DEL,DEL,DEL,DEL,DEL,J15774OC,DEL
15785,DEL,DEL,B15785FE,DEL,DEL,E15785MY,DEL,G15785JL,DEL,DEL,DEL,K15785NO
15793,DEL,DEL,DEL,C15793MA,DEL,DEL,DEL,DEL,DEL,DEL,J15793OC,K15793NO
15804,DEL,DEL,DEL,DEL,DEL,E15804MY,F15804JN,G15804JL,H15804AU,I15804SE,J15804OC,K15804NO
15809,DEL,DEL,B15809FE,C15809MA,DEL,E15809MY,F15809JN,DEL,DEL,DEL,DEL,K15809NO
15812,DEL,A15812JA,DEL,C15812MA,DEL,DEL,F15812JN,G15812JL,H15812AU,DEL,DEL,DEL
15821,DEL,DEL,DEL,DEL,DEL,DEL,DEL,DEL,DEL,DEL,J15821OC,DEL
15881,L15881DE,A15881JA,DEL,DEL,DEL,DEL,DEL,DEL,DEL,DEL,DEL,DEL
15883,DEL,DEL,DEL,DEL,DEL,DEL,DEL,DEL,DEL,DEL,DEL,K15883NO
15901,DEL,DEL,DEL,DEL,DEL,DEL,DEL,G15901JL,DEL,I15901SE,DEL,K15901NO
15925,DEL,DEL,DEL,DEL,DEL,E15925MY,DEL,DEL,DEL,DEL,DEL,DEL
15944,DEL,DEL,DEL,C15944MA,DEL,DEL,DEL,DEL,DEL,DEL,DEL,DEL
15957,DEL,DEL,DEL,DEL,DEL,DEL,DEL,DEL,DEL,DEL,DEL,K15957NO
15971,DEL,DEL,B15971FE,C15971MA,D15971AP,DEL,DEL,G15971JL,H15971AU,I15971SE,J15971OC,K15971NO
15975,DEL,DEL,DEL,DEL,DEL,DEL,DEL,DEL,DEL,I15975SE,DEL,DEL
15978,DEL,DEL,DEL,DEL,DEL,DEL,DEL,DEL,DEL,I15978SE,DEL,DEL
15985,DEL,DEL,DEL,DEL,D15985AP,DEL,DEL,DEL,H15985AU,DEL,DEL,DEL
15986,DEL,DEL,DEL,DEL,DEL,DEL,DEL,DEL,DEL,DEL,DEL,K15986NO
15994,DEL,DEL,DEL,DEL,DEL,DEL,DEL,DEL,DEL,DEL,J15994OC,DEL
16005,DEL,DEL,DEL,C16005MA,DEL,DEL,F16005JN,DEL,DEL,DEL,DEL,K16005NO
16011,L16011DE,DEL,B16011FE,C16011MA,D16011AP,DEL,F16011JN,G16011JL,H16011AU,I16011SE,J16011OC,K16011NO
16026,DEL,DEL,DEL,DEL,DEL,DEL,DEL,DEL,DEL,DEL,J16026OC,DEL
16031,DEL,DEL,DEL,DEL,D16031AP,DEL,DEL,DEL,DEL,I16031SE,DEL,DEL
16041,DEL,DEL,DEL,DEL,DEL,DEL,DEL,G16041JL,DEL,DEL,DEL,K16041NO
16053,DEL,DEL,DEL,DEL,DEL,DEL,DEL,DEL,H16053AU,DEL,DEL,K16053NO
16055,DEL,DEL,DEL,DEL,DEL,E16055MY,DEL,DEL,DEL,DEL,DEL,DEL
16079,DEL,DEL,DEL,DEL,DEL,DEL,DEL,DEL,DEL,DEL,J16079OC,K16079NO
16092,DEL,DEL,DEL,C16092MA,DEL,E16092MY,DEL,DEL,H16092AU,DEL,DEL,DEL
16101,DEL,DEL,DEL,DEL,DEL,DEL,DEL,DEL,DEL,I16101SE,DEL,DEL
16109,DEL,DEL,B16109FE,DEL,DEL,E16109MY,DEL,DEL,DEL,DEL,DEL,DEL
16123,DEL,DEL,DEL,DEL,DEL,DEL,DEL,DEL,DEL,DEL,J16123OC,DEL
16160,DEL,DEL,DEL,DEL,DEL,DEL,DEL,DEL,DEL,I16160SE,J16160OC,DEL
16171,DEL,DEL,DEL,DEL,DEL,DEL,DEL,DEL,DEL,DEL,J16171OC,DEL
16178,DEL,DEL,DEL,DEL,DEL,DEL,DEL,G16178JL,DEL,DEL,DEL,DEL
16183,DEL,DEL,DEL,DEL,DEL,DEL,DEL,DEL,DEL,DEL,J16183OC,DEL
16186,L16186DE,DEL,DEL,DEL,D16186AP,E16186MY,F16186JN,G16186JL,H16186AU,DEL,J16186OC,K16186NO
16198,DEL,DEL,DEL,DEL,DEL,DEL,DEL,DEL,DEL,I16198SE,DEL,DEL
16200,DEL,DEL,DEL,DEL,DEL,DEL,F16200JN,DEL,DEL,DEL,DEL,DEL
16203,L16203DE,DEL,DEL,DEL,D16203AP,DEL,DEL,G16203JL,DEL,DEL,J16203OC,DEL
16209,DEL,DEL,DEL,DEL,D16209AP,DEL,F16209JN,DEL,H16209AU,I16209SE,DEL,DEL
16211,DEL,DEL,DEL,DEL,DEL,DEL,DEL,DEL,DEL,I16211SE,DEL,DEL
16214,DEL,DEL,DEL,C16214MA,D16214AP,DEL,F16214JN,DEL,DEL,DEL,DEL,DEL
16243,DEL,DEL,DEL,DEL,DEL,DEL,DEL,DEL,DEL,DEL,J16243OC,K16243NO
16247,DEL,DEL,DEL,DEL,DEL,DEL,F16247JN,DEL,DEL,DEL,DEL,DEL
16260,DEL,DEL,DEL,DEL,DEL,DEL,DEL,DEL,DEL,DEL,J16260OC,DEL
16278,DEL,DEL,DEL,DEL,DEL,DEL,DEL,DEL,H16278AU,DEL,DEL,DEL
16348,DEL,DEL,DEL,DEL,D16348AP,DEL,F16348JN,DEL,H16348AU,I16348SE,DEL,K16348NO
16349,DEL,DEL,B16349FE,DEL,DEL,DEL,DEL,DEL,DEL,DEL,DEL,DEL
16351,DEL,A16351JA,DEL,DEL,DEL,DEL,DEL,DEL,DEL,DEL,DEL,DEL
16363,DEL,DEL,DEL,DEL,DEL,DEL,DEL,DEL,DEL,DEL,J16363OC,DEL
16370,DEL,DEL,DEL,DEL,D16370AP,DEL,F16370JN,DEL,H16370AU,I16370SE,DEL,DEL
16392,DEL,DEL,DEL,C16392MA,DEL,DEL,DEL,DEL,DEL,DEL,DEL,DEL
16399,DEL,DEL,DEL,DEL,D16399AP,DEL,DEL,DEL,DEL,DEL,DEL,K16399NO
16401,DEL,A16401JA,B16401FE,C16401MA,DEL,E16401MY,F16401JN,G16401JL,DEL,I16401SE,J16401OC,K16401NO
16416,DEL,DEL,DEL,DEL,DEL,DEL,DEL,DEL,DEL,DEL,J16416OC,K16416NO
16427,DEL,DEL,B16427FE,C16427MA,DEL,DEL,DEL,DEL,DEL,DEL,DEL,DEL
16431,DEL,DEL,B16431FE,DEL,DEL,E16431MY,DEL,DEL,DEL,DEL,DEL,DEL
16444,DEL,DEL,DEL,C16444MA,DEL,E16444MY,DEL,DEL,DEL,I16444SE,J16444OC,DEL
16448,DEL,DEL,DEL,DEL,DEL,E16448MY,DEL,DEL,DEL,DEL,DEL,DEL
16470,L16470DE,DEL,DEL,DEL,DEL,E16470MY,DEL,DEL,H16470AU,DEL,J16470OC,DEL
16480,DEL,DEL,DEL,DEL,DEL,DEL,DEL,DEL,DEL,I16480SE,DEL,DEL
16483,DEL,DEL,DEL,DEL,DEL,E16483MY,DEL,DEL,DEL,DEL,DEL,DEL
16493,DEL,A16493JA,B16493FE,DEL,DEL,DEL,F16493JN,DEL,DEL,I16493SE,DEL,DEL
16497,DEL,A16497JA,DEL,C16497MA,DEL,E16497MY,DEL,DEL,DEL,DEL,J16497OC,DEL
16518,DEL,DEL,B16518FE,DEL,DEL,DEL,DEL,DEL,DEL,DEL,J16518OC,DEL
16558,L16558DE,A16558JA,B16558FE,C16558MA,D16558AP,E16558MY,F16558JN,G16558JL,H16558AU,I16558SE,J16558OC,K16558NO
16565,L16565DE,DEL,DEL,DEL,DEL,DEL,DEL,DEL,DEL,DEL,DEL,DEL
16607,L16607DE,DEL,B16607FE,C16607MA,D16607AP,E16607MY,DEL,G16607JL,H16607AU,I16607SE,J16607OC,K16607NO
16611,DEL,DEL,DEL,DEL,DEL,DEL,F16611JN,DEL,DEL,DEL,DEL,DEL
16618,DEL,A16618JA,DEL,C16618MA,DEL,E16618MY,DEL,DEL,DEL,DEL,DEL,K16618NO
16681,DEL,DEL,DEL,C16681MA,D16681AP,E16681MY,DEL,G16681JL,DEL,I16681SE,DEL,DEL
16726,L16726DE,DEL,B16726FE,DEL,DEL,E16726MY,DEL,DEL,DEL,DEL,DEL,K16726NO
16738,DEL,DEL,B16738FE,DEL,DEL,DEL,DEL,DEL,DEL,DEL,DEL,DEL
16762,DEL,DEL,DEL,DEL,DEL,DEL,DEL,G16762JL,DEL,DEL,J16762OC,K16762NO
16778,DEL,DEL,DEL,C16778MA,DEL,DEL,DEL,DEL,DEL,I16778SE,DEL,DEL
16791,DEL,A16791JA,DEL,C16791MA,DEL,E16791MY,DEL,DEL,H16791AU,DEL,J16791OC,K16791NO
16795,L16795DE,DEL,DEL,DEL,DEL,DEL,DEL,DEL,DEL,DEL,DEL,DEL
16804,DEL,DEL,DEL,C16804MA,DEL,DEL,DEL,DEL,DEL,DEL,DEL,K16804NO
16812,L16812DE,DEL,DEL,DEL,DEL,DEL,DEL,DEL,DEL,DEL,DEL,DEL
16823,DEL,DEL,DEL,DEL,D16823AP,DEL,DEL,DEL,DEL,DEL,DEL,DEL
16828,DEL,DEL,DEL,DEL,DEL,DEL,DEL,DEL,H16828AU,I16828SE,DEL,DEL
16838,DEL,DEL,B16838FE,DEL,DEL,E16838MY,DEL,DEL,DEL,DEL,DEL,DEL
16846,DEL,DEL,DEL,DEL,DEL,DEL,DEL,DEL,DEL,DEL,J16846OC,DEL
16921,DEL,DEL,DEL,DEL,DEL,DEL,DEL,DEL,DEL,DEL,J16921OC,DEL
16923,L16923DE,A16923JA,DEL,C16923MA,D16923AP,E16923MY,F16923JN,G16923JL,DEL,I16923SE,J16923OC,K16923NO
16927,L16927DE,DEL,DEL,C16927MA,DEL,DEL,DEL,DEL,H16927AU,DEL,DEL,DEL
16931,L16931DE,A16931JA,B16931FE,C16931MA,D16931AP,E16931MY,F16931JN,G16931JL,H16931AU,I16931SE,J16931OC,K16931NO
16938,DEL,DEL,B16938FE,DEL,DEL,DEL,F16938JN,DEL,DEL,DEL,DEL,DEL
16947,DEL,DEL,DEL,DEL,D16947AP,DEL,DEL,DEL,DEL,DEL,DEL,DEL
16949,DEL,A16949JA,DEL,C16949MA,DEL,E16949MY,F16949JN,DEL,DEL,DEL,J16949OC,DEL
16953,DEL,DEL,DEL,DEL,DEL,DEL,DEL,DEL,DEL,DEL,DEL,K16953NO
16955,L16955DE,A16955JA,DEL,DEL,DEL,DEL,F16955JN,DEL,DEL,DEL,DEL,DEL
16959,DEL,DEL,DEL,DEL,DEL,DEL,DEL,DEL,DEL,I16959SE,DEL,DEL
16978,DEL,DEL,DEL,DEL,DEL,DEL,DEL,DEL,DEL,I16978SE,DEL,DEL
16990,DEL,DEL,DEL,DEL,DEL,E16990MY,DEL,DEL,DEL,DEL,DEL,DEL
17004,DEL,DEL,DEL,DEL,DEL,DEL,DEL,DEL,DEL,I17004SE,J17004OC,DEL
17006,DEL,DEL,DEL,DEL,DEL,DEL,DEL,DEL,DEL,I17006SE,DEL,K17006NO
17007,L17007DE,DEL,DEL,DEL,DEL,E17007MY,DEL,G17007JL,DEL,DEL,J17007OC,DEL
17029,DEL,DEL,DEL,DEL,D17029AP,DEL,DEL,DEL,H17029AU,DEL,DEL,DEL
17035,DEL,DEL,B17035FE,DEL,D17035AP,DEL,DEL,DEL,DEL,DEL,DEL,DEL
17042,DEL,DEL,DEL,DEL,D17042AP,E17042MY,DEL,G17042JL,H17042AU,DEL,DEL,DEL
17076,L17076DE,DEL,DEL,C17076MA,DEL,DEL,DEL,DEL,DEL,DEL,DEL,K17076NO
17090,L17090DE,DEL,B17090FE,DEL,D17090AP,DEL,DEL,DEL,DEL,I17090SE,J17090OC,DEL
17117,DEL,DEL,B17117FE,DEL,DEL,DEL,DEL,DEL,DEL,DEL,DEL,DEL
17122,DEL,DEL,DEL,DEL,DEL,DEL,DEL,DEL,H17122AU,DEL,DEL,DEL
17134,DEL,DEL,DEL,C17134MA,DEL,DEL,DEL,DEL,H17134AU,DEL,DEL,DEL
17155,DEL,DEL,DEL,DEL,DEL,DEL,F17155JN,DEL,DEL,DEL,DEL,K17155NO
17160,DEL,DEL,DEL,DEL,D17160AP,DEL,DEL,G17160JL,H17160AU,DEL,DEL,K17160NO
17171,DEL,DEL,B17171FE,DEL,DEL,DEL,DEL,DEL,DEL,DEL,DEL,DEL
17186,DEL,DEL,DEL,DEL,DEL,DEL,DEL,DEL,DEL,DEL,J17186OC,DEL
17190,DEL,DEL,DEL,DEL,DEL,E17190MY,DEL,DEL,DEL,DEL,J17190OC,DEL
17218,L17218DE,A17218JA,DEL,DEL,DEL,E17218MY,DEL,DEL,DEL,I17218SE,DEL,K17218NO
17223,L17223DE,DEL,B17223FE,DEL,DEL,DEL,DEL,DEL,DEL,DEL,DEL,DEL
17242,DEL,DEL,DEL,DEL,DEL,DEL,F17242JN,DEL,H17242AU,DEL,DEL,DEL
17253,DEL,DEL,DEL,DEL,DEL,DEL,DEL,DEL,DEL,DEL,DEL,K17253NO
17256,DEL,A17256JA,DEL,DEL,DEL,DEL,DEL,DEL,H17256AU,DEL,DEL,DEL
17288,L17288DE,A17288JA,B17288FE,DEL,D17288AP,E17288MY,DEL,DEL,DEL,DEL,DEL,K17288NO
17289,DEL,DEL,DEL,DEL,DEL,DEL,F17289JN,DEL,DEL,DEL,DEL,K17289NO
17290,DEL,DEL,DEL,DEL,DEL,DEL,DEL,DEL,DEL,DEL,DEL,K17290NO
17295,DEL,DEL,DEL,DEL,DEL,DEL,DEL,DEL,DEL,DEL,J17295OC,K17295NO
17297,DEL,DEL,DEL,DEL,DEL,DEL,DEL,DEL,DEL,DEL,DEL,K17297NO
17302,DEL,DEL,B17302FE,DEL,DEL,E17302MY,DEL,DEL,H17302AU,DEL,DEL,K17302NO
17324,L17324DE,A17324JA,DEL,DEL,DEL,DEL,DEL,DEL,DEL,DEL,DEL,K17324NO
17329,DEL,A17329JA,DEL,DEL,DEL,DEL,DEL,DEL,DEL,DEL,DEL,K17329NO
17351,DEL,DEL,DEL,C17351MA,DEL,DEL,F17351JN,DEL,DEL,DEL,DEL,K17351NO
17358,L17358DE,DEL,B17358FE,DEL,DEL,DEL,DEL,DEL,DEL,DEL,DEL,DEL
17364,DEL,A17364JA,B17364FE,C17364MA,DEL,E17364MY,DEL,G17364JL,DEL,DEL,DEL,K17364NO
17385,DEL,DEL,DEL,DEL,DEL,DEL,DEL,DEL,DEL,DEL,DEL,K17385NO
17387,DEL,DEL,DEL,DEL,DEL,DEL,DEL,DEL,DEL,DEL,DEL,K17387NO
17392,L17392DE,DEL,B17392FE,DEL,DEL,DEL,DEL,DEL,DEL,DEL,DEL,DEL
17408,DEL,DEL,DEL,DEL,DEL,DEL,F17408JN,DEL,DEL,DEL,DEL,DEL
17410,DEL,DEL,DEL,DEL,DEL,E17410MY,DEL,DEL,DEL,I17410SE,J17410OC,K17410NO
17425,DEL,DEL,DEL,DEL,DEL,DEL,DEL,DEL,DEL,DEL,J17425OC,K17425NO
17427,DEL,DEL,DEL,DEL,DEL,DEL,DEL,DEL,DEL,I17427SE,DEL,DEL
17431,DEL,A17431JA,DEL,DEL,DEL,DEL,DEL,DEL,DEL,DEL,DEL,DEL
17459,DEL,DEL,DEL,DEL,DEL,DEL,DEL,DEL,DEL,DEL,J17459OC,DEL
17468,DEL,DEL,DEL,DEL,DEL,DEL,DEL,DEL,DEL,DEL,DEL,K17468NO
17508,DEL,DEL,DEL,C17508MA,DEL,DEL,DEL,DEL,DEL,DEL,DEL,DEL
17517,DEL,DEL,B17517FE,DEL,DEL,DEL,DEL,DEL,DEL,DEL,DEL,DEL
17536,DEL,DEL,DEL,DEL,DEL,DEL,F17536JN,DEL,DEL,DEL,DEL,DEL
17537,DEL,DEL,B17537FE,DEL,DEL,DEL,DEL,DEL,DEL,DEL,DEL,K17537NO
17538,DEL,DEL,DEL,DEL,DEL,DEL,DEL,DEL,DEL,DEL,DEL,K17538NO
17540,DEL,A17540JA,DEL,DEL,DEL,DEL,DEL,DEL,DEL,DEL,DEL,K17540NO
17549,DEL,DEL,DEL,DEL,DEL,DEL,DEL,DEL,DEL,DEL,J17549OC,K17549NO
17550,DEL,DEL,DEL,DEL,D17550AP,E17550MY,DEL,DEL,DEL,DEL,DEL,DEL
17554,DEL,DEL,DEL,DEL,DEL,DEL,DEL,G17554JL,H17554AU,DEL,J17554OC,K17554NO
17567,L17567DE,DEL,B17567FE,C17567MA,D17567AP,DEL,DEL,G17567JL,DEL,I17567SE,J17567OC,DEL
17576,L17576DE,A17576JA,B17576FE,C17576MA,D17576AP,E17576MY,F17576JN,G17576JL,H17576AU,I17576SE,J17576OC,K17576NO
17584,DEL,DEL,DEL,DEL,DEL,DEL,DEL,DEL,H17584AU,DEL,DEL,DEL
17601,DEL,DEL,DEL,DEL,D17601AP,DEL,DEL,DEL,DEL,DEL,DEL,DEL
17602,DEL,A17602JA,DEL,DEL,DEL,DEL,DEL,DEL,H17602AU,I17602SE,J17602OC,K17602NO
17612,DEL,DEL,B17612FE,DEL,DEL,E17612MY,DEL,G17612JL,H17612AU,I17612SE,J17612OC,DEL
17619,DEL,A17619JA,DEL,DEL,DEL,DEL,DEL,DEL,DEL,DEL,DEL,DEL
17625,DEL,DEL,DEL,C17625MA,DEL,DEL,DEL,G17625JL,DEL,DEL,J17625OC,K17625NO
17646,L17646DE,DEL,DEL,C17646MA,DEL,E17646MY,DEL,DEL,DEL,DEL,DEL,DEL
17694,DEL,DEL,DEL,DEL,DEL,DEL,DEL,G17694JL,DEL,DEL,DEL,DEL
17702,DEL,DEL,DEL,DEL,DEL,E17702MY,F17702JN,DEL,H17702AU,DEL,DEL,K17702NO
17707,DEL,A17707JA,DEL,DEL,DEL,DEL,F17707JN,DEL,DEL,DEL,DEL,DEL
17708,DEL,A17708JA,DEL,DEL,DEL,DEL,F17708JN,DEL,DEL,DEL,DEL,DEL
17709,DEL,DEL,DEL,DEL,DEL,DEL,F17709JN,DEL,DEL,DEL,DEL,DEL
17718,DEL,DEL,DEL,DEL,D17718AP,DEL,DEL,DEL,DEL,DEL,DEL,DEL
17730,DEL,A17730JA,B17730FE,C17730MA,D17730AP,DEL,F17730JN,DEL,H17730AU,I17730SE,J17730OC,K17730NO
17731,DEL,DEL,DEL,DEL,DEL,DEL,F17731JN,DEL,H17731AU,I17731SE,DEL,DEL
17738,DEL,DEL,DEL,C17738MA,DEL,DEL,DEL,G17738JL,DEL,DEL,DEL,K17738NO
17739,L17739DE,A17739JA,DEL,DEL,DEL,E17739MY,DEL,DEL,DEL,I17739SE,J17739OC,K17739NO
17749,DEL,DEL,DEL,C17749MA,DEL,DEL,F17749JN,DEL,DEL,DEL,DEL,DEL
17786,DEL,A17786JA,DEL,DEL,DEL,DEL,DEL,DEL,DEL,I17786SE,DEL,DEL
17788,DEL,DEL,DEL,DEL,DEL,DEL,DEL,DEL,H17788AU,I17788SE,DEL,DEL
17790,L17790DE,DEL,B17790FE,DEL,D17790AP,E17790MY,DEL,G17790JL,H17790AU,DEL,J17790OC,K17790NO
17813,DEL,DEL,DEL,DEL,DEL,DEL,DEL,DEL,DEL,I17813SE,J17813OC,K17813NO
17836,DEL,DEL,DEL,DEL,DEL,DEL,DEL,DEL,DEL,DEL,J17836OC,DEL
17852,DEL,DEL,DEL,DEL,DEL,DEL,DEL,DEL,DEL,DEL,DEL,K17852NO
17879,DEL,DEL,DEL,DEL,DEL,DEL,F17879JN,DEL,DEL,DEL,DEL,DEL
17881,DEL,DEL,B17881FE,DEL,DEL,DEL,DEL,DEL,DEL,DEL,DEL,DEL
17901,DEL,DEL,DEL,DEL,DEL,DEL,DEL,DEL,DEL,DEL,DEL,K17901NO
17908,L17908DE,DEL,DEL,DEL,DEL,DEL,DEL,DEL,DEL,DEL,DEL,DEL
17911,DEL,DEL,DEL,DEL,DEL,DEL,DEL,DEL,DEL,DEL,DEL,K17911NO
17912,L17912DE,DEL,B17912FE,DEL,DEL,DEL,DEL,DEL,DEL,DEL,DEL,DEL
17919,DEL,DEL,DEL,DEL,DEL,DEL,DEL,DEL,DEL,I17919SE,DEL,DEL
17950,L17950DE,DEL,DEL,DEL,DEL,DEL,DEL,DEL,DEL,I17950SE,DEL,DEL
17968,L17968DE,DEL,DEL,DEL,DEL,DEL,DEL,DEL,DEL,DEL,DEL,DEL
17974,DEL,DEL,DEL,DEL,DEL,E17974MY,DEL,DEL,DEL,DEL,J17974OC,K17974NO
17990,L17990DE,DEL,DEL,DEL,D17990AP,DEL,DEL,DEL,DEL,DEL,DEL,DEL
17991,DEL,DEL,DEL,DEL,D17991AP,DEL,DEL,DEL,DEL,DEL,DEL,DEL
18005,DEL,DEL,DEL,DEL,DEL,DEL,DEL,DEL,DEL,DEL,J18005OC,DEL
18018,DEL,DEL,DEL,DEL,DEL,E18018MY,DEL,DEL,H18018AU,DEL,DEL,DEL
18024,DEL,DEL,DEL,DEL,DEL,DEL,DEL,G18024JL,DEL,DEL,DEL,DEL
18032,DEL,A18032JA,DEL,DEL,DEL,DEL,DEL,DEL,DEL,DEL,DEL,DEL
18040,DEL,DEL,DEL,DEL,D18040AP,DEL,DEL,DEL,DEL,DEL,DEL,K18040NO
18048,DEL,DEL,DEL,DEL,DEL,E18048MY,DEL,DEL,DEL,DEL,DEL,DEL
18059,DEL,DEL,DEL,DEL,DEL,DEL,DEL,DEL,DEL,DEL,J18059OC,K18059NO
18072,DEL,DEL,DEL,DEL,DEL,DEL,F18072JN,DEL,DEL,DEL,DEL,DEL
18082,DEL,DEL,DEL,DEL,DEL,DEL,DEL,DEL,DEL,DEL,DEL,K18082NO
18105,DEL,DEL,DEL,DEL,DEL,DEL,DEL,DEL,DEL,DEL,DEL,K18105NO
18125,DEL,A18125JA,B18125FE,DEL,DEL,E18125MY,DEL,DEL,DEL,DEL,DEL,K18125NO
18155,DEL,DEL,B18155FE,DEL,DEL,DEL,F18155JN,DEL,DEL,I18155SE,DEL,DEL
18159,DEL,DEL,B18159FE,DEL,DEL,DEL,DEL,DEL,DEL,DEL,DEL,DEL
18211,DEL,DEL,DEL,C18211MA,DEL,DEL,DEL,G18211JL,DEL,I18211SE,J18211OC,K18211NO
18222,DEL,DEL,DEL,DEL,DEL,DEL,DEL,DEL,DEL,I18222SE,DEL,DEL
18224,DEL,DEL,DEL,C18224MA,DEL,DEL,DEL,DEL,DEL,DEL,DEL,DEL
18225,L18225DE,DEL,B18225FE,C18225MA,DEL,E18225MY,DEL,G18225JL,H18225AU,I18225SE,J18225OC,K18225NO
18227,DEL,DEL,DEL,DEL,DEL,E18227MY,DEL,DEL,DEL,DEL,DEL,DEL
18259,L18259DE,DEL,DEL,DEL,DEL,DEL,DEL,DEL,DEL,I18259SE,DEL,K18259NO
18260,L18260DE,A18260JA,DEL,C18260MA,D18260AP,E18260MY,F18260JN,DEL,DEL,DEL,DEL,DEL
18270,DEL,DEL,DEL,C18270MA,DEL,DEL,DEL,DEL,DEL,DEL,DEL,K18270NO
18276,DEL,DEL,DEL,DEL,DEL,DEL,DEL,DEL,DEL,DEL,J18276OC,DEL
